HAEMATOCRIT,HAEMOGLOBINS,ERYTHROCYTE,LEUCOCYTE,THROMBOCYTE,MCH,MCHC,MCV,AGE,SEX,SOURCE
36.2,12.1,4.7,7.2,280,25.0,33.5,76.0,2,F,out
37.0,12.4,4.8,8.1,300,25.2,33.6,77.0,3,M,out
35.5,11.9,4.6,9.0,290,24.8,33.4,75.0,1,F,out
38.1,13.0,5.0,6.5,310,26.0,34.0,78.0,4,M,out
34.0,11.5,4.5,10.2,270,24.5,33.2,74.0,2,F,out
39.5,13.5,5.2,5.8,320,26.5,34.2,79.0,5,M,out
33.8,11.2,4.4,11.0,260,24.2,33.0,73.0,1,F,out
40.0,14.0,5.4,6.0,330,27.0,34.5,80.0,6,M,out
36.0,12.0,4.7,7.5,285,25.1,33.5,76.5,3,F,out
37.5,12.8,4.9,8.5,305,25.6,33.8,77.5,4,M,out
35.0,11.7,4.5,9.5,275,24.6,33.3,74.5,2,F,out
38.8,13.2,5.1,6.2,315,26.2,34.1,78.5,5,M,out
34.5,11.4,4.4,10.5,265,24.3,33.1,73.5,1,F,out
39.0,13.4,5.3,5.9,325,26.6,34.3,79.5,6,M,out
36.5,12.2,4.75,7.8,292,25.05,33.55,76.25,3,F,out
37.2,12.6,4.85,8.2,302,25.4,33.7,77.25,4,M,out
35.2,11.85,4.55,9.8,278,24.7,33.35,74.75,2,F,out
38.5,13.15,5.05,6.35,312,26.15,34.05,78.25,5,M,out
33.5,11.1,4.35,11.2,258,24.1,32.9,73.0,1,F,out
40.2,14.1,5.45,5.85,332,27.05,34.55,80.25,6,M,out
52.0,16.0,7.2,9.5,95,22.0,30.5,72.0,3,F,in
48.5,15.2,6.8,11.0,110,23.5,31.0,74.0,4,M,in
50.0,15.8,7.0,10.0,100,22.8,30.8,73.0,2,F,in
49.0,15.5,6.9,10.5,105,23.2,31.1,73.5,5,M,in
51.2,15.9,7.15,9.8,98,22.2,30.6,71.5,3,F,in
47.8,15.0,6.7,11.2,112,23.8,31.2,74.5,4,M,in
53.0,16.4,7.35,9.2,92,21.9,30.4,70.5,6,F,in
46.5,14.8,6.55,11.5,118,24.0,31.4,75.0,2,M,in
50.5,15.7,7.05,10.1,102,22.6,30.7,72.8,4,F,in
48.0,15.3,6.85,10.8,108,23.4,31.05,73.8,5,M,in
52.5,16.1,7.25,9.6,96,22.1,30.55,71.8,3,F,in
47.2,14.95,6.65,11.35,115,23.9,31.25,74.8,4,M,in
49.5,15.55,6.95,10.25,103,23.0,31.0,73.2,2,F,in
51.0,15.85,7.1,9.9,99,22.4,30.65,72.2,5,M,in
48.8,15.35,6.9,10.65,106,23.3,31.08,73.6,3,F,in
50.2,15.75,7.02,10.05,101,22.7,30.72,72.9,4,M,in
46.8,14.9,6.6,11.4,116,24.05,31.3,75.1,2,M,in
53.2,16.45,7.4,9.1,91,21.85,30.35,70.2,6,F,in
49.2,15.45,6.92,10.55,104,23.15,31.02,73.4,5,F,in
47.5,15.05,6.72,11.1,111,23.85,31.18,74.6,4,M,in
50.8,15.65,7.08,10.0,100,22.55,30.68,72.5,3,F,in
48.3,15.25,6.82,10.9,109,23.45,31.1,73.9,5,M,in
51.5,16.05,7.2,9.7,97,22.05,30.5,71.6,4,F,in
46.2,14.75,6.58,11.45,117,24.1,31.35,75.2,2,M,in
